Genotype;Position;Codon;Prevalence;Codon_Usage
1b;24;AAA;0.0;0.32
1b;28;AAA;0.0;0.32
1b;30;AAA;0.0024271844660194173;0.32
1b;31;AAA;0.0;0.32
1b;32;AAA;0.0;0.32
1b;54;AAA;0.0;0.32
1b;58;AAA;0.0;0.32
1b;92;AAA;0.0;0.32
1b;93;AAA;0.0;0.32
1b;24;AAC;0.0;0.71
1b;28;AAC;0.0;0.71
1b;30;AAC;0.0;0.71
1b;31;AAC;0.0;0.71
1b;32;AAC;0.0;0.71
1b;54;AAC;0.00849514563106796;0.71
1b;58;AAC;0.0;0.71
1b;92;AAC;0.0;0.71
1b;93;AAC;0.0;0.71
1b;24;AAG;0.009708737864077669;0.68
1b;28;AAG;0.0;0.68
1b;30;AAG;0.0012135922330097086;0.68
1b;31;AAG;0.0;0.68
1b;32;AAG;0.0;0.68
1b;54;AAG;0.0;0.68
1b;58;AAG;0.0;0.68
1b;92;AAG;0.0;0.68
1b;93;AAG;0.0;0.68
1b;24;AAT;0.0;0.29
1b;28;AAT;0.0;0.29
1b;30;AAT;0.0;0.29
1b;31;AAT;0.0;0.29
1b;32;AAT;0.0;0.29
1b;54;AAT;0.038834951456310676;0.29
1b;58;AAT;0.0;0.29
1b;92;AAT;0.0;0.29
1b;93;AAT;0.0;0.29
1b;24;ACA;0.0;0.15
1b;28;ACA;0.0;0.15
1b;30;ACA;0.0;0.15
1b;31;ACA;0.0;0.15
1b;32;ACA;0.0;0.15
1b;54;ACA;0.0;0.15
1b;58;ACA;0.009708737864077669;0.15
1b;92;ACA;0.0048543689320388345;0.15
1b;93;ACA;0.0;0.15
1b;24;ACG;0.0;0.23
1b;28;ACG;0.0;0.23
1b;30;ACG;0.0;0.23
1b;31;ACG;0.0;0.23
1b;32;ACG;0.0;0.23
1b;54;ACG;0.0;0.23
1b;58;ACG;0.0012135922330097086;0.23
1b;92;ACG;0.00849514563106796;0.23
1b;93;ACG;0.0;0.23
1b;24;ACT;0.0;0.2
1b;28;ACT;0.0;0.2
1b;30;ACT;0.0;0.2
1b;31;ACT;0.0;0.2
1b;32;ACT;0.0;0.2
1b;54;ACT;0.0;0.2
1b;58;ACT;0.0012135922330097086;0.2
1b;92;ACT;0.0;0.2
1b;93;ACT;0.0;0.2
1b;24;AGG;0.0;0.3
1b;28;AGG;0.0;0.3
1b;30;AGG;0.0048543689320388345;0.3
1b;31;AGG;0.0;0.3
1b;32;AGG;0.0;0.3
1b;54;AGG;0.0;0.3
1b;58;AGG;0.0;0.3
1b;92;AGG;0.0;0.3
1b;93;AGG;0.0;0.3
1b;24;ATA;0.0;0.25
1b;28;ATA;0.0;0.25
1b;30;ATA;0.0;0.25
1b;31;ATA;0.0024271844660194173;0.25
1b;32;ATA;0.0;0.25
1b;54;ATA;0.0;0.25
1b;58;ATA;0.0;0.25
1b;92;ATA;0.0;0.25
1b;93;ATA;0.0;0.25
1b;24;ATG;0.0;1.0
1b;28;ATG;0.01699029126213592;1.0
1b;30;ATG;0.0012135922330097086;1.0
1b;31;ATG;0.03398058252427184;1.0
1b;32;ATG;0.0;1.0
1b;54;ATG;0.0;1.0
1b;58;ATG;0.0;1.0
1b;92;ATG;0.0;1.0
1b;93;ATG;0.0;1.0
1b;24;CAA;0.06796116504854369;0.41
1b;28;CAA;0.0;0.41
1b;30;CAA;0.0036407766990291263;0.41
1b;31;CAA;0.0;0.41
1b;32;CAA;0.0;0.41
1b;54;CAA;0.41019417475728154;0.41
1b;58;CAA;0.0024271844660194173;0.41
1b;92;CAA;0.0;0.41
1b;93;CAA;0.0;0.41
1b;24;CAC;0.0;0.57
1b;28;CAC;0.0;0.57
1b;30;CAC;0.0;0.57
1b;31;CAC;0.0;0.57
1b;32;CAC;0.0;0.57
1b;54;CAC;0.15655339805825244;0.57
1b;58;CAC;0.0;0.57
1b;92;CAC;0.0;0.57
1b;93;CAC;0.03762135922330097;0.57
1b;24;CAG;0.9150485436893204;0.59
1b;28;CAG;0.0;0.59
1b;30;CAG;0.03762135922330097;0.59
1b;31;CAG;0.0;0.59
1b;32;CAG;0.0;0.59
1b;54;CAG;0.2524271844660194;0.59
1b;58;CAG;0.0;0.59
1b;92;CAG;0.0;0.59
1b;93;CAG;0.0;0.59
1b;24;CAT;0.0;0.43
1b;28;CAT;0.0;0.43
1b;30;CAT;0.0;0.43
1b;31;CAT;0.0;0.43
1b;32;CAT;0.0;0.43
1b;54;CAT;0.10800970873786407;0.43
1b;58;CAT;0.0;0.43
1b;92;CAT;0.0;0.43
1b;93;CAT;0.0;0.43
1b;24;CCA;0.0;0.17
1b;28;CCA;0.0;0.17
1b;30;CCA;0.0;0.17
1b;31;CCA;0.0012135922330097086;0.17
1b;32;CCA;0.09466019417475728;0.17
1b;54;CCA;0.0;0.17
1b;58;CCA;0.8300970873786407;0.17
1b;92;CCA;0.0;0.17
1b;93;CCA;0.0;0.17
1b;24;CCC;0.0;0.4
1b;28;CCC;0.0;0.4
1b;30;CCC;0.0;0.4
1b;31;CCC;0.0;0.4
1b;32;CCC;0.013349514563106795;0.4
1b;54;CCC;0.0;0.4
1b;58;CCC;0.014563106796116505;0.4
1b;92;CCC;0.0;0.4
1b;93;CCC;0.0;0.4
1b;24;CCG;0.0;0.16
1b;28;CCG;0.0012135922330097086;0.16
1b;30;CCG;0.0;0.16
1b;31;CCG;0.0;0.16
1b;32;CCG;0.8883495145631068;0.16
1b;54;CCG;0.0;0.16
1b;58;CCG;0.08980582524271845;0.16
1b;92;CCG;0.0;0.16
1b;93;CCG;0.0;0.16
1b;24;CCT;0.0;0.27
1b;28;CCT;0.0;0.27
1b;30;CCT;0.0;0.27
1b;31;CCT;0.0;0.27
1b;32;CCT;0.0036407766990291263;0.27
1b;54;CCT;0.0;0.27
1b;58;CCT;0.0048543689320388345;0.27
1b;92;CCT;0.0;0.27
1b;93;CCT;0.0;0.27
1b;24;CGA;0.0012135922330097086;0.07
1b;28;CGA;0.0;0.07
1b;30;CGA;0.13106796116504854;0.07
1b;31;CGA;0.0;0.07
1b;32;CGA;0.0;0.07
1b;54;CGA;0.0;0.07
1b;58;CGA;0.0;0.07
1b;92;CGA;0.0;0.07
1b;93;CGA;0.0;0.07
1b;24;CGC;0.0;0.21
1b;28;CGC;0.0;0.21
1b;30;CGC;0.0048543689320388345;0.21
1b;31;CGC;0.0;0.21
1b;32;CGC;0.0;0.21
1b;54;CGC;0.0;0.21
1b;58;CGC;0.0;0.21
1b;92;CGC;0.0;0.21
1b;93;CGC;0.0;0.21
1b;24;CGG;0.006067961165048544;0.19
1b;28;CGG;0.0;0.19
1b;30;CGG;0.8106796116504854;0.19
1b;31;CGG;0.0;0.19
1b;32;CGG;0.0;0.19
1b;54;CGG;0.0;0.19
1b;58;CGG;0.0;0.19
1b;92;CGG;0.0;0.19
1b;93;CGG;0.0;0.19
1b;24;CGT;0.0;0.08
1b;28;CGT;0.0;0.08
1b;30;CGT;0.0024271844660194173;0.08
1b;31;CGT;0.0;0.08
1b;32;CGT;0.0;0.08
1b;54;CGT;0.0;0.08
1b;58;CGT;0.0;0.08
1b;92;CGT;0.0;0.08
1b;93;CGT;0.0;0.08
1b;24;CTA;0.0;0.07
1b;28;CTA;0.01820388349514563;0.07
1b;30;CTA;0.0;0.07
1b;31;CTA;0.08616504854368932;0.07
1b;32;CTA;0.0;0.07
1b;54;CTA;0.0036407766990291263;0.07
1b;58;CTA;0.006067961165048544;0.07
1b;92;CTA;0.0;0.07
1b;93;CTA;0.0;0.07
1b;24;CTC;0.0;0.29
1b;28;CTC;0.007281553398058253;0.29
1b;30;CTC;0.0;0.29
1b;31;CTC;0.0012135922330097086;0.29
1b;32;CTC;0.0;0.29
1b;54;CTC;0.0012135922330097086;0.29
1b;58;CTC;0.0;0.29
1b;92;CTC;0.0;0.29
1b;93;CTC;0.0;0.29
1b;24;CTG;0.0;0.32
1b;28;CTG;0.9271844660194175;0.32
1b;30;CTG;0.0;0.32
1b;31;CTG;0.1104368932038835;0.32
1b;32;CTG;0.0;0.32
1b;54;CTG;0.0;0.32
1b;58;CTG;0.0012135922330097086;0.32
1b;92;CTG;0.0;0.32
1b;93;CTG;0.0;0.32
1b;24;CTT;0.0;0.17
1b;28;CTT;0.0024271844660194173;0.17
1b;30;CTT;0.0;0.17
1b;31;CTT;0.0036407766990291263;0.17
1b;32;CTT;0.0;0.17
1b;54;CTT;0.0;0.17
1b;58;CTT;0.0;0.17
1b;92;CTT;0.0;0.17
1b;93;CTT;0.0;0.17
1b;24;GAA;0.0;0.28
1b;28;GAA;0.0;0.28
1b;30;GAA;0.0;0.28
1b;31;GAA;0.0;0.28
1b;32;GAA;0.0;0.28
1b;54;GAA;0.0012135922330097086;0.28
1b;58;GAA;0.0;0.28
1b;92;GAA;0.0;0.28
1b;93;GAA;0.0;0.28
1b;24;GCA;0.0;0.17
1b;28;GCA;0.0;0.17
1b;30;GCA;0.0;0.17
1b;31;GCA;0.0;0.17
1b;32;GCA;0.0;0.17
1b;54;GCA;0.0;0.17
1b;58;GCA;0.0048543689320388345;0.17
1b;92;GCA;0.5703883495145631;0.17
1b;93;GCA;0.0;0.17
1b;24;GCC;0.0;0.4
1b;28;GCC;0.0;0.4
1b;30;GCC;0.0;0.4
1b;31;GCC;0.0;0.4
1b;32;GCC;0.0;0.4
1b;54;GCC;0.0;0.4
1b;58;GCC;0.0;0.4
1b;92;GCC;0.0036407766990291263;0.4
1b;93;GCC;0.0;0.4
1b;24;GCG;0.0;0.23
1b;28;GCG;0.0;0.23
1b;30;GCG;0.0;0.23
1b;31;GCG;0.0;0.23
1b;32;GCG;0.0;0.23
1b;54;GCG;0.0;0.23
1b;58;GCG;0.0;0.23
1b;92;GCG;0.3932038834951456;0.23
1b;93;GCG;0.0;0.23
1b;24;GCT;0.0;0.2
1b;28;GCT;0.0;0.2
1b;30;GCT;0.0;0.2
1b;31;GCT;0.0;0.2
1b;32;GCT;0.0;0.2
1b;54;GCT;0.0;0.2
1b;58;GCT;0.0;0.2
1b;92;GCT;0.010922330097087379;0.2
1b;93;GCT;0.0;0.2
1b;24;GGA;0.0;0.14
1b;28;GGA;0.0;0.14
1b;30;GGA;0.0;0.14
1b;31;GGA;0.0;0.14
1b;32;GGA;0.0;0.14
1b;54;GGA;0.0;0.14
1b;58;GGA;0.0;0.14
1b;92;GGA;0.0024271844660194173;0.14
1b;93;GGA;0.0;0.14
1b;24;GTA;0.0;0.1
1b;28;GTA;0.0;0.1
1b;30;GTA;0.0;0.1
1b;31;GTA;0.0;0.1
1b;32;GTA;0.0;0.1
1b;54;GTA;0.0;0.1
1b;58;GTA;0.0;0.1
1b;92;GTA;0.0012135922330097086;0.1
1b;93;GTA;0.0;0.1
1b;24;GTG;0.0;0.41
1b;28;GTG;0.0036407766990291263;0.41
1b;30;GTG;0.0;0.41
1b;31;GTG;0.0;0.41
1b;32;GTG;0.0;0.41
1b;54;GTG;0.0;0.41
1b;58;GTG;0.0;0.41
1b;92;GTG;0.0036407766990291263;0.41
1b;93;GTG;0.0;0.41
1b;24;TAC;0.0;0.7
1b;28;TAC;0.0;0.7
1b;30;TAC;0.0;0.7
1b;31;TAC;0.0;0.7
1b;32;TAC;0.0;0.7
1b;54;TAC;0.006067961165048544;0.7
1b;58;TAC;0.0;0.7
1b;92;TAC;0.0;0.7
1b;93;TAC;0.9453883495145631;0.7
1b;24;TAT;0.0;0.3
1b;28;TAT;0.0;0.3
1b;30;TAT;0.0;0.3
1b;31;TAT;0.0;0.3
1b;32;TAT;0.0;0.3
1b;54;TAT;0.009708737864077669;0.3
1b;58;TAT;0.0;0.3
1b;92;TAT;0.0;0.3
1b;93;TAT;0.015776699029126214;0.3
1b;24;TCA;0.0;0.13
1b;28;TCA;0.0;0.13
1b;30;TCA;0.0;0.13
1b;31;TCA;0.0;0.13
1b;32;TCA;0.0;0.13
1b;54;TCA;0.0;0.13
1b;58;TCA;0.03155339805825243;0.13
1b;92;TCA;0.0012135922330097086;0.13
1b;93;TCA;0.0;0.13
1b;24;TCT;0.0;0.13
1b;28;TCT;0.0;0.13
1b;30;TCT;0.0;0.13
1b;31;TCT;0.0;0.13
1b;32;TCT;0.0;0.13
1b;54;TCT;0.0;0.13
1b;58;TCT;0.0012135922330097086;0.13
1b;92;TCT;0.0;0.13
1b;93;TCT;0.0;0.13
1b;24;TGC;0.0;0.69
1b;28;TGC;0.0;0.69
1b;30;TGC;0.0;0.69
1b;31;TGC;0.0;0.69
1b;32;TGC;0.0;0.69
1b;54;TGC;0.0;0.69
1b;58;TGC;0.0;0.69
1b;92;TGC;0.0;0.69
1b;93;TGC;0.0012135922330097086;0.69
1b;24;TTA;0.0;0.03
1b;28;TTA;0.0;0.03
1b;30;TTA;0.0;0.03
1b;31;TTA;0.44538834951456313;0.03
1b;32;TTA;0.0;0.03
1b;54;TTA;0.0012135922330097086;0.03
1b;58;TTA;0.0012135922330097086;0.03
1b;92;TTA;0.0;0.03
1b;93;TTA;0.0;0.03
1b;24;TTG;0.0;0.12
1b;28;TTG;0.023058252427184466;0.12
1b;30;TTG;0.0;0.12
1b;31;TTG;0.3155339805825243;0.12
1b;32;TTG;0.0;0.12
1b;54;TTG;0.0;0.12
1b;58;TTG;0.0;0.12
1b;92;TTG;0.0;0.12
1b;93;TTG;0.0;0.12
1b;24;ATC;0.0;0.56
1b;28;ATC;0.0;0.56
1b;30;ATC;0.0;0.56
1b;31;ATC;0.0;0.56
1b;32;ATC;0.0;0.56
1b;54;ATC;0.0;0.56
1b;58;ATC;0.0;0.56
1b;92;ATC;0.0;0.56
1b;93;ATC;0.0;0.56
1b;24;ATT;0.0;0.18
1b;28;ATT;0.0;0.18
1b;30;ATT;0.0;0.18
1b;31;ATT;0.0;0.18
1b;32;ATT;0.0;0.18
1b;54;ATT;0.0;0.18
1b;58;ATT;0.0;0.18
1b;92;ATT;0.0;0.18
1b;93;ATT;0.0;0.18
1b;24;ACC;0.0;0.41
1b;28;ACC;0.0;0.41
1b;30;ACC;0.0;0.41
1b;31;ACC;0.0;0.41
1b;32;ACC;0.0;0.41
1b;54;ACC;0.0;0.41
1b;58;ACC;0.0;0.41
1b;92;ACC;0.0;0.41
1b;93;ACC;0.0;0.41
1b;24;AGC;0.0;0.23
1b;28;AGC;0.0;0.23
1b;30;AGC;0.0;0.23
1b;31;AGC;0.0;0.23
1b;32;AGC;0.0;0.23
1b;54;AGC;0.0;0.23
1b;58;AGC;0.0;0.23
1b;92;AGC;0.0;0.23
1b;93;AGC;0.0;0.23
1b;24;AGT;0.0;0.07
1b;28;AGT;0.0;0.07
1b;30;AGT;0.0;0.07
1b;31;AGT;0.0;0.07
1b;32;AGT;0.0;0.07
1b;54;AGT;0.0;0.07
1b;58;AGT;0.0;0.07
1b;92;AGT;0.0;0.07
1b;93;AGT;0.0;0.07
1b;24;AGA;0.0;0.14
1b;28;AGA;0.0;0.14
1b;30;AGA;0.0;0.14
1b;31;AGA;0.0;0.14
1b;32;AGA;0.0;0.14
1b;54;AGA;0.0;0.14
1b;58;AGA;0.0;0.14
1b;92;AGA;0.0;0.14
1b;93;AGA;0.0;0.14
1b;24;GTC;0.0;0.34
1b;28;GTC;0.0;0.34
1b;30;GTC;0.0;0.34
1b;31;GTC;0.0;0.34
1b;32;GTC;0.0;0.34
1b;54;GTC;0.0;0.34
1b;58;GTC;0.0;0.34
1b;92;GTC;0.0;0.34
1b;93;GTC;0.0;0.34
1b;24;GTT;0.0;0.15
1b;28;GTT;0.0;0.15
1b;30;GTT;0.0;0.15
1b;31;GTT;0.0;0.15
1b;32;GTT;0.0;0.15
1b;54;GTT;0.0;0.15
1b;58;GTT;0.0;0.15
1b;92;GTT;0.0;0.15
1b;93;GTT;0.0;0.15
1b;24;GAC;0.0;0.72
1b;28;GAC;0.0;0.72
1b;30;GAC;0.0;0.72
1b;31;GAC;0.0;0.72
1b;32;GAC;0.0;0.72
1b;54;GAC;0.0;0.72
1b;58;GAC;0.0;0.72
1b;92;GAC;0.0;0.72
1b;93;GAC;0.0;0.72
1b;24;GAT;0.0;0.28
1b;28;GAT;0.0;0.28
1b;30;GAT;0.0;0.28
1b;31;GAT;0.0;0.28
1b;32;GAT;0.0;0.28
1b;54;GAT;0.0;0.28
1b;58;GAT;0.0;0.28
1b;92;GAT;0.0;0.28
1b;93;GAT;0.0;0.28
1b;24;GAG;0.0;0.72
1b;28;GAG;0.0;0.72
1b;30;GAG;0.0;0.72
1b;31;GAG;0.0;0.72
1b;32;GAG;0.0;0.72
1b;54;GAG;0.0;0.72
1b;58;GAG;0.0;0.72
1b;92;GAG;0.0;0.72
1b;93;GAG;0.0;0.72
1b;24;GGC;0.0;0.41
1b;28;GGC;0.0;0.41
1b;30;GGC;0.0;0.41
1b;31;GGC;0.0;0.41
1b;32;GGC;0.0;0.41
1b;54;GGC;0.0;0.41
1b;58;GGC;0.0;0.41
1b;92;GGC;0.0;0.41
1b;93;GGC;0.0;0.41
1b;24;GGG;0.0;0.29
1b;28;GGG;0.0;0.29
1b;30;GGG;0.0;0.29
1b;31;GGG;0.0;0.29
1b;32;GGG;0.0;0.29
1b;54;GGG;0.0;0.29
1b;58;GGG;0.0;0.29
1b;92;GGG;0.0;0.29
1b;93;GGG;0.0;0.29
1b;24;GGT;0.0;0.16
1b;28;GGT;0.0;0.16
1b;30;GGT;0.0;0.16
1b;31;GGT;0.0;0.16
1b;32;GGT;0.0;0.16
1b;54;GGT;0.0;0.16
1b;58;GGT;0.0;0.16
1b;92;GGT;0.0;0.16
1b;93;GGT;0.0;0.16
1b;24;TCC;0.0;0.33
1b;28;TCC;0.0;0.33
1b;30;TCC;0.0;0.33
1b;31;TCC;0.0;0.33
1b;32;TCC;0.0;0.33
1b;54;TCC;0.0;0.33
1b;58;TCC;0.0;0.33
1b;92;TCC;0.0;0.33
1b;93;TCC;0.0;0.33
1b;24;TCG;0.0;0.12
1b;28;TCG;0.0;0.12
1b;30;TCG;0.0;0.12
1b;31;TCG;0.0;0.12
1b;32;TCG;0.0;0.12
1b;54;TCG;0.0;0.12
1b;58;TCG;0.0;0.12
1b;92;TCG;0.0;0.12
1b;93;TCG;0.0;0.12
1b;24;TTC;0.0;0.64
1b;28;TTC;0.0;0.64
1b;30;TTC;0.0;0.64
1b;31;TTC;0.0;0.64
1b;32;TTC;0.0;0.64
1b;54;TTC;0.0;0.64
1b;58;TTC;0.0;0.64
1b;92;TTC;0.0;0.64
1b;93;TTC;0.0;0.64
1b;24;TTT;0.0;0.36
1b;28;TTT;0.0;0.36
1b;30;TTT;0.0;0.36
1b;31;TTT;0.0;0.36
1b;32;TTT;0.0;0.36
1b;54;TTT;0.0;0.36
1b;58;TTT;0.0;0.36
1b;92;TTT;0.0;0.36
1b;93;TTT;0.0;0.36
1b;24;TAA;0.0;0.0
1b;28;TAA;0.0;0.0
1b;30;TAA;0.0;0.0
1b;31;TAA;0.0;0.0
1b;32;TAA;0.0;0.0
1b;54;TAA;0.0;0.0
1b;58;TAA;0.0;0.0
1b;92;TAA;0.0;0.0
1b;93;TAA;0.0;0.0
1b;24;TAG;0.0;0.0
1b;28;TAG;0.0;0.0
1b;30;TAG;0.0;0.0
1b;31;TAG;0.0;0.0
1b;32;TAG;0.0;0.0
1b;54;TAG;0.0;0.0
1b;58;TAG;0.0;0.0
1b;92;TAG;0.0;0.0
1b;93;TAG;0.0;0.0
1b;24;TGT;0.0;0.31
1b;28;TGT;0.0;0.31
1b;30;TGT;0.0;0.31
1b;31;TGT;0.0;0.31
1b;32;TGT;0.0;0.31
1b;54;TGT;0.0;0.31
1b;58;TGT;0.0;0.31
1b;92;TGT;0.0;0.31
1b;93;TGT;0.0;0.31
1b;24;TGA;0.0;1.0
1b;28;TGA;0.0;1.0
1b;30;TGA;0.0;1.0
1b;31;TGA;0.0;1.0
1b;32;TGA;0.0;1.0
1b;54;TGA;0.0;1.0
1b;58;TGA;0.0;1.0
1b;92;TGA;0.0;1.0
1b;93;TGA;0.0;1.0
1b;24;TGG;0.0;1.0
1b;28;TGG;0.0;1.0
1b;30;TGG;0.0;1.0
1b;31;TGG;0.0;1.0
1b;32;TGG;0.0;1.0
1b;54;TGG;0.0;1.0
1b;58;TGG;0.0;1.0
1b;92;TGG;0.0;1.0
1b;93;TGG;0.0;1.0
