Codon;HCV-G1
GCG;0.23
GCA;0.17
GCT;0.20
GCC;0.40
TGT;0.31
TGC;0.69
GAT;0.28
GAC;0.72
GAG;0.72
GAA;0.28
TTT;0.36
TTC;0.64
GGG;0.29
GGA;0.14
GGT;0.16
GGC;0.41
CAT;0.43
CAC;0.57
ATA;0.25
ATT;0.18
ATC;0.56
AAG;0.68
AAA;0.32
TTG;0.12
TTA;0.03
CTG;0.32
CTA;0.07
CTT;0.17
CTC;0.29
ATG;1.00
AAT;0.29
AAC;0.71
CCG;0.16
CCA;0.17
CCT;0.27
CCC;0.40
CAG;0.59
CAA;0.41
AGG;0.30
AGA;0.14
CGG;0.19
CGA;0.07
CGT;0.08
CGC;0.21
AGT;0.07
AGC;0.23
TCG;0.12
TCA;0.13
TCT;0.13
TCC;0.33
ACG;0.23
ACA;0.15
ACT;0.20
ACC;0.41
GTG;0.41
GTA;0.10
GTT;0.15
GTC;0.34
TGG;1.00
TAT;0.30
TAC;0.70
TGA;1.00
TAG;0.00
TAA;0.00
