;Genotype;Position;Codon;Frequency;HCV-G1
0;1b;28;AAA;0.0;0.32
1;1b;29;AAA;0.0;0.32
2;1b;30;AAA;0.0024271844660194173;0.32
3;1b;31;AAA;0.0;0.32
4;1b;32;AAA;0.0;0.32
5;1b;54;AAA;0.0;0.32
6;1b;92;AAA;0.0;0.32
7;1b;93;AAA;0.0;0.32
8;1b;28;AAC;0.0;0.71
9;1b;29;AAC;0.0;0.71
10;1b;30;AAC;0.0;0.71
11;1b;31;AAC;0.0;0.71
12;1b;32;AAC;0.0;0.71
13;1b;54;AAC;0.00849514563106796;0.71
14;1b;92;AAC;0.0;0.71
15;1b;93;AAC;0.0;0.71
16;1b;28;AAG;0.0;0.68
17;1b;29;AAG;0.0;0.68
18;1b;30;AAG;0.0012135922330097086;0.68
19;1b;31;AAG;0.0;0.68
20;1b;32;AAG;0.0;0.68
21;1b;54;AAG;0.0;0.68
22;1b;92;AAG;0.0;0.68
23;1b;93;AAG;0.0;0.68
24;1b;28;AAT;0.0;0.29
25;1b;29;AAT;0.0;0.29
26;1b;30;AAT;0.0;0.29
27;1b;31;AAT;0.0;0.29
28;1b;32;AAT;0.0;0.29
29;1b;54;AAT;0.038834951456310676;0.29
30;1b;92;AAT;0.0;0.29
31;1b;93;AAT;0.0;0.29
32;1b;28;ACA;0.0;0.15
33;1b;29;ACA;0.0;0.15
34;1b;30;ACA;0.0;0.15
35;1b;31;ACA;0.0;0.15
36;1b;32;ACA;0.0;0.15
37;1b;54;ACA;0.0;0.15
38;1b;92;ACA;0.0048543689320388345;0.15
39;1b;93;ACA;0.0;0.15
40;1b;28;ACG;0.0;0.23
41;1b;29;ACG;0.0;0.23
42;1b;30;ACG;0.0;0.23
43;1b;31;ACG;0.0;0.23
44;1b;32;ACG;0.0;0.23
45;1b;54;ACG;0.0;0.23
46;1b;92;ACG;0.00849514563106796;0.23
47;1b;93;ACG;0.0;0.23
48;1b;28;AGG;0.0;0.3
49;1b;29;AGG;0.0;0.3
50;1b;30;AGG;0.0048543689320388345;0.3
51;1b;31;AGG;0.0;0.3
52;1b;32;AGG;0.0;0.3
53;1b;54;AGG;0.0;0.3
54;1b;92;AGG;0.0;0.3
55;1b;93;AGG;0.0;0.3
56;1b;28;ATA;0.0;0.25
57;1b;29;ATA;0.0;0.25
58;1b;30;ATA;0.0;0.25
59;1b;31;ATA;0.0024271844660194173;0.25
60;1b;32;ATA;0.0;0.25
61;1b;54;ATA;0.0;0.25
62;1b;92;ATA;0.0;0.25
63;1b;93;ATA;0.0;0.25
64;1b;28;ATG;0.01699029126213592;1.0
65;1b;29;ATG;0.0;1.0
66;1b;30;ATG;0.0012135922330097086;1.0
67;1b;31;ATG;0.03398058252427184;1.0
68;1b;32;ATG;0.0;1.0
69;1b;54;ATG;0.0;1.0
70;1b;92;ATG;0.0;1.0
71;1b;93;ATG;0.0;1.0
72;1b;28;CAA;0.0;0.41
73;1b;29;CAA;0.0;0.41
74;1b;30;CAA;0.0036407766990291263;0.41
75;1b;31;CAA;0.0;0.41
76;1b;32;CAA;0.0;0.41
77;1b;54;CAA;0.41019417475728154;0.41
78;1b;92;CAA;0.0;0.41
79;1b;93;CAA;0.0;0.41
80;1b;28;CAC;0.0;0.57
81;1b;29;CAC;0.0;0.57
82;1b;30;CAC;0.0;0.57
83;1b;31;CAC;0.0;0.57
84;1b;32;CAC;0.0;0.57
85;1b;54;CAC;0.15655339805825244;0.57
86;1b;92;CAC;0.0;0.57
87;1b;93;CAC;0.03762135922330097;0.57
88;1b;28;CAG;0.0;0.59
89;1b;29;CAG;0.0;0.59
90;1b;30;CAG;0.03762135922330097;0.59
91;1b;31;CAG;0.0;0.59
92;1b;32;CAG;0.0;0.59
93;1b;54;CAG;0.2524271844660194;0.59
94;1b;92;CAG;0.0;0.59
95;1b;93;CAG;0.0;0.59
96;1b;28;CAT;0.0;0.43
97;1b;29;CAT;0.0;0.43
98;1b;30;CAT;0.0;0.43
99;1b;31;CAT;0.0;0.43
100;1b;32;CAT;0.0;0.43
101;1b;54;CAT;0.10800970873786407;0.43
102;1b;92;CAT;0.0;0.43
103;1b;93;CAT;0.0;0.43
104;1b;28;CCA;0.0;0.17
105;1b;29;CCA;0.16747572815533981;0.17
106;1b;30;CCA;0.0;0.17
107;1b;31;CCA;0.0012135922330097086;0.17
108;1b;32;CCA;0.09466019417475728;0.17
109;1b;54;CCA;0.0;0.17
110;1b;92;CCA;0.0;0.17
111;1b;93;CCA;0.0;0.17
112;1b;28;CCC;0.0;0.4
113;1b;29;CCC;0.0048543689320388345;0.4
114;1b;30;CCC;0.0;0.4
115;1b;31;CCC;0.0;0.4
116;1b;32;CCC;0.013349514563106795;0.4
117;1b;54;CCC;0.0;0.4
118;1b;92;CCC;0.0;0.4
119;1b;93;CCC;0.0;0.4
120;1b;28;CCG;0.0012135922330097086;0.16
121;1b;29;CCG;0.8228155339805825;0.16
122;1b;30;CCG;0.0;0.16
123;1b;31;CCG;0.0;0.16
124;1b;32;CCG;0.8883495145631068;0.16
125;1b;54;CCG;0.0;0.16
126;1b;92;CCG;0.0;0.16
127;1b;93;CCG;0.0;0.16
128;1b;28;CCT;0.0;0.27
129;1b;29;CCT;0.0036407766990291263;0.27
130;1b;30;CCT;0.0;0.27
131;1b;31;CCT;0.0;0.27
132;1b;32;CCT;0.0036407766990291263;0.27
133;1b;54;CCT;0.0;0.27
134;1b;92;CCT;0.0;0.27
135;1b;93;CCT;0.0;0.27
136;1b;28;CGA;0.0;0.07
137;1b;29;CGA;0.0;0.07
138;1b;30;CGA;0.13106796116504854;0.07
139;1b;31;CGA;0.0;0.07
140;1b;32;CGA;0.0;0.07
141;1b;54;CGA;0.0;0.07
142;1b;92;CGA;0.0;0.07
143;1b;93;CGA;0.0;0.07
144;1b;28;CGC;0.0;0.21
145;1b;29;CGC;0.0;0.21
146;1b;30;CGC;0.0048543689320388345;0.21
147;1b;31;CGC;0.0;0.21
148;1b;32;CGC;0.0;0.21
149;1b;54;CGC;0.0;0.21
150;1b;92;CGC;0.0;0.21
151;1b;93;CGC;0.0;0.21
152;1b;28;CGG;0.0;0.19
153;1b;29;CGG;0.0;0.19
154;1b;30;CGG;0.8106796116504854;0.19
155;1b;31;CGG;0.0;0.19
156;1b;32;CGG;0.0;0.19
157;1b;54;CGG;0.0;0.19
158;1b;92;CGG;0.0;0.19
159;1b;93;CGG;0.0;0.19
160;1b;28;CGT;0.0;0.08
161;1b;29;CGT;0.0;0.08
162;1b;30;CGT;0.0024271844660194173;0.08
163;1b;31;CGT;0.0;0.08
164;1b;32;CGT;0.0;0.08
165;1b;54;CGT;0.0;0.08
166;1b;92;CGT;0.0;0.08
167;1b;93;CGT;0.0;0.08
168;1b;28;CTA;0.01820388349514563;0.07
169;1b;29;CTA;0.0;0.07
170;1b;30;CTA;0.0;0.07
171;1b;31;CTA;0.08616504854368932;0.07
172;1b;32;CTA;0.0;0.07
173;1b;54;CTA;0.0036407766990291263;0.07
174;1b;92;CTA;0.0;0.07
175;1b;93;CTA;0.0;0.07
176;1b;28;CTC;0.007281553398058253;0.29
177;1b;29;CTC;0.0;0.29
178;1b;30;CTC;0.0;0.29
179;1b;31;CTC;0.0012135922330097086;0.29
180;1b;32;CTC;0.0;0.29
181;1b;54;CTC;0.0012135922330097086;0.29
182;1b;92;CTC;0.0;0.29
183;1b;93;CTC;0.0;0.29
184;1b;28;CTG;0.9271844660194175;0.32
185;1b;29;CTG;0.0;0.32
186;1b;30;CTG;0.0;0.32
187;1b;31;CTG;0.1104368932038835;0.32
188;1b;32;CTG;0.0;0.32
189;1b;54;CTG;0.0;0.32
190;1b;92;CTG;0.0;0.32
191;1b;93;CTG;0.0;0.32
192;1b;28;CTT;0.0024271844660194173;0.17
193;1b;29;CTT;0.0;0.17
194;1b;30;CTT;0.0;0.17
195;1b;31;CTT;0.0036407766990291263;0.17
196;1b;32;CTT;0.0;0.17
197;1b;54;CTT;0.0;0.17
198;1b;92;CTT;0.0;0.17
199;1b;93;CTT;0.0;0.17
200;1b;28;GAA;0.0;0.28
201;1b;29;GAA;0.0;0.28
202;1b;30;GAA;0.0;0.28
203;1b;31;GAA;0.0;0.28
204;1b;32;GAA;0.0;0.28
205;1b;54;GAA;0.0012135922330097086;0.28
206;1b;92;GAA;0.0;0.28
207;1b;93;GAA;0.0;0.28
208;1b;28;GCA;0.0;0.17
209;1b;29;GCA;0.0;0.17
210;1b;30;GCA;0.0;0.17
211;1b;31;GCA;0.0;0.17
212;1b;32;GCA;0.0;0.17
213;1b;54;GCA;0.0;0.17
214;1b;92;GCA;0.5703883495145631;0.17
215;1b;93;GCA;0.0;0.17
216;1b;28;GCC;0.0;0.4
217;1b;29;GCC;0.0;0.4
218;1b;30;GCC;0.0;0.4
219;1b;31;GCC;0.0;0.4
220;1b;32;GCC;0.0;0.4
221;1b;54;GCC;0.0;0.4
222;1b;92;GCC;0.0036407766990291263;0.4
223;1b;93;GCC;0.0;0.4
224;1b;28;GCG;0.0;0.23
225;1b;29;GCG;0.0;0.23
226;1b;30;GCG;0.0;0.23
227;1b;31;GCG;0.0;0.23
228;1b;32;GCG;0.0;0.23
229;1b;54;GCG;0.0;0.23
230;1b;92;GCG;0.3932038834951456;0.23
231;1b;93;GCG;0.0;0.23
232;1b;28;GCT;0.0;0.2
233;1b;29;GCT;0.0;0.2
234;1b;30;GCT;0.0;0.2
235;1b;31;GCT;0.0;0.2
236;1b;32;GCT;0.0;0.2
237;1b;54;GCT;0.0;0.2
238;1b;92;GCT;0.010922330097087379;0.2
239;1b;93;GCT;0.0;0.2
240;1b;28;GGA;0.0;0.14
241;1b;29;GGA;0.0;0.14
242;1b;30;GGA;0.0;0.14
243;1b;31;GGA;0.0;0.14
244;1b;32;GGA;0.0;0.14
245;1b;54;GGA;0.0;0.14
246;1b;92;GGA;0.0024271844660194173;0.14
247;1b;93;GGA;0.0;0.14
248;1b;28;GTA;0.0;0.1
249;1b;29;GTA;0.0;0.1
250;1b;30;GTA;0.0;0.1
251;1b;31;GTA;0.0;0.1
252;1b;32;GTA;0.0;0.1
253;1b;54;GTA;0.0;0.1
254;1b;92;GTA;0.0012135922330097086;0.1
255;1b;93;GTA;0.0;0.1
256;1b;28;GTG;0.0036407766990291263;0.41
257;1b;29;GTG;0.0;0.41
258;1b;30;GTG;0.0;0.41
259;1b;31;GTG;0.0;0.41
260;1b;32;GTG;0.0;0.41
261;1b;54;GTG;0.0;0.41
262;1b;92;GTG;0.0036407766990291263;0.41
263;1b;93;GTG;0.0;0.41
264;1b;28;TAC;0.0;0.7
265;1b;29;TAC;0.0;0.7
266;1b;30;TAC;0.0;0.7
267;1b;31;TAC;0.0;0.7
268;1b;32;TAC;0.0;0.7
269;1b;54;TAC;0.006067961165048544;0.7
270;1b;92;TAC;0.0;0.7
271;1b;93;TAC;0.9453883495145631;0.7
272;1b;28;TAT;0.0;0.3
273;1b;29;TAT;0.0;0.3
274;1b;30;TAT;0.0;0.3
275;1b;31;TAT;0.0;0.3
276;1b;32;TAT;0.0;0.3
277;1b;54;TAT;0.009708737864077669;0.3
278;1b;92;TAT;0.0;0.3
279;1b;93;TAT;0.015776699029126214;0.3
280;1b;28;TCA;0.0;0.13
281;1b;29;TCA;0.0012135922330097086;0.13
282;1b;30;TCA;0.0;0.13
283;1b;31;TCA;0.0;0.13
284;1b;32;TCA;0.0;0.13
285;1b;54;TCA;0.0;0.13
286;1b;92;TCA;0.0012135922330097086;0.13
287;1b;93;TCA;0.0;0.13
288;1b;28;TGC;0.0;0.69
289;1b;29;TGC;0.0;0.69
290;1b;30;TGC;0.0;0.69
291;1b;31;TGC;0.0;0.69
292;1b;32;TGC;0.0;0.69
293;1b;54;TGC;0.0;0.69
294;1b;92;TGC;0.0;0.69
295;1b;93;TGC;0.0012135922330097086;0.69
296;1b;28;TTA;0.0;0.03
297;1b;29;TTA;0.0;0.03
298;1b;30;TTA;0.0;0.03
299;1b;31;TTA;0.44538834951456313;0.03
300;1b;32;TTA;0.0;0.03
301;1b;54;TTA;0.0012135922330097086;0.03
302;1b;92;TTA;0.0;0.03
303;1b;93;TTA;0.0;0.03
304;1b;28;TTG;0.023058252427184466;0.12
305;1b;29;TTG;0.0;0.12
306;1b;30;TTG;0.0;0.12
307;1b;31;TTG;0.3155339805825243;0.12
308;1b;32;TTG;0.0;0.12
309;1b;54;TTG;0.0;0.12
310;1b;92;TTG;0.0;0.12
311;1b;93;TTG;0.0;0.12
